ticket_id,event_id,section,available,price,row,seller_id
1,162,998,1,42,GA,1
2,162,406,2,46,3,1
3,162,998,12,50,GA1,1
4,162,436,2,59,6,1
5,162,524,2,62,2,1
6,162,406,2,62,8,1
7,162,403,3,63,10,1
8,162,223,1,63,17,1
9,162,239,2,67,7,1
10,162,240,2,67,14,1
11,162,236,2,68,11,1
12,162,242,2,68,4,1
13,162,208,2,70,14,1
14,162,300,2,76,GA,1
15,162,300,2,77,GA,1
16,162,140,2,76,7,1
17,162,226,2,79,16,1
18,162,139,2,89,12,1
19,162,219,4,90,14,1
20,162,105,2,92,13,1
21,162,105,2,97,8,1
22,162,235,4,97,11,1
23,162,133,1,97,8,1
24,162,211,2,125,5,1
25,162,300,2,125,GA1,1
26,162,117,3,183,13,1
27,162,220,2,877,14,1
28,164,997,12,17,1,4
29,164,510,3,19,9,4
30,164,512,1,20,8,4
31,164,510,2,22,7,4
32,164,510,2,22,10,4
33,164,542,3,23,7,4
34,164,518,3,23,7,4
35,164,544,2,23,10,4
36,164,530,4,24,12,4
37,164,508,6,25,6,4
38,164,997,4,25,G00,4
39,164,997,8,27,PASS..,4
40,164,516,4,26,2,4
41,164,544,3,26,11,4
42,164,533,4,27,8,4
43,164,527,4,27,3,4
44,164,507,2,27,2,4
45,164,557,6,29,5,4
46,164,565,8,28,11,4
47,164,552,7,29,1,4
48,164,537,2,29,4,4
49,164,534,4,29,7,4
50,164,533,4,29,9,4
51,164,518,4,31,8,4
52,164,510,8,30,8,4
53,164,527,2,30,5,4
54,164,558,2,30,1,4
55,164,554,8,30,3,4
56,164,528,3,30,2,4
57,164,533,4,30,8,4
58,164,518,6,31,7,4
59,164,506,5,31,4,4
60,164,537,4,31,2,4
61,164,518,11,34,12,4
62,164,557,4,32,1,4
63,164,544,10,32,3,4
64,164,524,4,32,7,4
65,164,535,4,32,7,4
66,164,565,8,34,10,4
67,164,530,6,34,8,4
68,164,520,3,35,5,4
69,164,550,2,35,6,4
70,164,107,4,35,16,4
71,164,557,4,37,1,4
72,164,102,2,36,8,4
73,164,109,2,36,14,4
74,164,159,4,36,13,4
75,164,540,8,36,8,4
76,164,552,4,38,1,4
77,164,508,6,36,16,4
78,164,510,8,36,2,4
79,164,506,10,36,14,4
80,164,506,10,36,13,4
81,164,506,10,37,12,4
82,164,526,10,37,5,4
83,164,530,4,37,7,4
84,164,110,3,37,6,4
85,164,508,18,38,15,4
86,164,516,4,38,1,4
87,164,522,7,38,15,4
88,164,544,4,39,14,4
89,164,544,4,39,14,4
90,164,546,22,39,12,4
91,164,507,18,39,13,4
92,164,507,18,39,14,4
93,164,508,10,39,11,4
94,164,552,15,40,4,4
95,164,528,6,40,9,4
96,164,147,2,40,18,4
97,164,110,5,40,15,4
98,164,522,3,40,14,4
99,164,534,5,41,3,4
100,164,163,2,41,7,4
101,164,161,3,41,26,4
102,164,161,4,41,26,4
103,164,103,4,42,16,4
104,164,552,11,42,3,4
105,164,546,20,42,11,4
106,164,514,14,42,7,4
107,164,110,7,43,18,4
108,164,150,8,43,34,4
109,164,507,8,43,12,4
110,164,528,3,45,1,4
111,164,508,18,43,13,4
112,164,508,18,43,14,4
113,164,534,6,44,9,4
114,164,103,4,44,7,4
115,164,524,22,44,8,4
116,164,158,6,45,11,4
117,164,158,6,45,13,4
118,164,115,2,45,19,4
119,164,161,2,45,4,4
120,164,537,6,47,10,4
121,164,509,8,47,12,4
122,164,537,8,47,4,4
123,164,161,5,47,6,4
124,164,163,3,46,14,4
125,164,107,9,48,14,4
126,164,162,2,48,3,4
127,164,162,2,48,3,4
128,164,507,6,48,5,4
129,164,557,8,48,6,4
130,164,544,4,48,13,4
131,164,548,4,48,8,4
132,164,544,12,48,12,4
133,164,544,4,48,13,4
134,164,154,3,49,17,4
135,164,508,10,49,10,4
136,164,527,6,49,5,4
137,164,150,8,49,33,4
138,164,160,2,49,5,4
139,164,556,2,49,6,4
140,164,565,8,49,17,4
141,164,508,6,49,17,4
142,164,507,8,49,7,4
143,164,509,4,49,7,4
144,164,557,8,49,13,4
145,164,556,8,49,13,4
146,164,565,6,49,8,4
147,164,506,4,49,10,4
148,164,558,4,49,12,4
149,164,537,2,53,1,4
150,164,107,6,51,10,4
151,164,557,4,52,9,4
152,164,116,6,50,35,4
153,164,102,4,50,3,4
154,164,558,2,51,3,4
155,164,146,2,50,15,4
156,164,163,5,51,3,4
157,164,527,4,53,1,4
158,164,506,2,52,3,4
159,164,552,8,52,9,4
160,164,520,6,52,21,4
161,164,520,4,52,18,4
162,164,548,2,52,12,4
163,164,516,8,52,15,4
164,164,550,8,52,13,4
165,164,536,5,51,6,4
166,164,544,4,52,14,4
167,164,544,6,52,20,4
168,164,554,4,52,4,4
169,164,518,8,52,14,4
170,164,554,8,52,7,4
171,164,546,8,52,13,4
172,164,510,6,52,11,4
173,164,512,8,52,12,4
174,164,510,8,52,12,4
175,164,548,8,52,13,4
176,164,514,2,52,21,4
177,164,516,4,52,13,4
178,164,552,2,52,7,4
179,164,552,6,52,8,4
180,164,550,6,52,12,4
181,164,159,4,55,9,4
182,164,152,4,51,6,4
183,164,114,8,51,21,4
184,164,118,2,52,12,4
185,164,509,3,53,14,4
186,164,544,2,52,11,4
187,164,565,8,53,16,4
188,164,506,3,53,7,4
189,164,509,5,53,14,4
190,164,508,3,53,8,4
191,164,507,8,53,15,4
192,164,544,8,52,11,4
193,164,544,4,52,12,4
194,164,544,4,52,10,4
195,164,103,4,53,2,4
196,164,117,2,53,11,4
197,164,158,2,53,9,4
198,164,536,10,53,4,4
199,164,158,10,53,14,4
200,164,516,2,54,3,4
201,164,528,7,53,5,4
202,164,531,18,53,17,4
203,164,535,1,55,1,4
204,164,530,18,53,16,4
205,164,533,11,53,18,4
206,164,118,4,54,19,4
207,164,101,11,54,2,4
208,164,548,3,55,7,4
209,164,506,9,54,15,4
210,164,509,5,54,13,4
211,164,565,4,54,10,4
212,164,565,4,54,10,4
213,164,565,18,54,14,4
214,164,565,16,54,15,4
215,164,565,4,54,9,4
216,164,556,5,54,12,4
217,164,556,18,54,15,4
218,164,557,18,54,15,4
219,164,509,2,54,15,4
220,164,512,8,55,13,4
221,164,550,5,55,10,4
222,164,103,4,55,3,4
223,164,152,4,55,6,4
224,164,154,8,55,14,4
225,164,546,3,56,4,4
226,164,554,8,56,10,4
227,164,552,8,56,10,4
228,164,544,3,56,7,4
229,164,550,3,56,7,4
230,164,520,5,56,15,4
231,164,518,2,56,4,4
232,164,510,7,55,1,4
233,164,516,2,56,2,4
234,164,159,4,58,8,4
235,164,542,2,54,2,4
236,164,106,4,56,9,4
237,164,152,8,55,4,4
238,164,152,4,55,5,4
239,164,535,10,56,3,4
240,164,155,11,56,16,4
241,164,103,5,56,3,4
242,164,159,8,57,13,4
243,164,544,8,57,6,4
244,164,544,6,57,7,4
245,164,548,8,61,9,4
246,164,527,6,54,3,4
247,164,163,4,56,25,4
248,164,509,6,59,9,4
249,164,103,4,58,5,4
250,164,509,2,59,9,4
251,164,565,2,59,7,4
252,164,117,3,59,12,4
253,164,155,11,60,17,4
254,164,531,8,61,20,4
255,164,528,6,61,12,4
256,164,161,21,59,27,4
257,164,530,8,61,18,4
258,164,522,4,61,8,4
259,164,527,8,61,13,4
260,164,112,8,60,17,4
261,164,526,4,57,2,4
262,164,159,3,61,2,4
263,164,110,2,63,12,4
264,164,101,4,62,3,4
265,164,114,8,62,14,4
266,164,162,2,63,3,4
267,164,156,2,62,11,4
268,164,159,6,67,5,4
269,164,538,2,65,8,4
270,164,526,4,65,15,4
271,164,526,2,65,10,4
272,164,522,6,65,13,4
273,164,540,2,65,7,4
274,164,528,8,65,18,4
275,164,537,6,63,1,4
276,164,524,8,65,18,4
277,164,533,6,65,19,4
278,164,534,8,65,21,4
279,164,534,6,65,20,4
280,164,527,8,65,14,4
281,164,526,8,65,18,4
282,164,524,2,65,12,4
283,164,530,8,65,21,4
284,164,522,8,65,20,4
285,164,153,6,63,3,4
286,164,542,2,66,4,4
287,164,536,3,66,7,4
288,164,542,3,66,20,4
289,164,535,2,66,8,4
290,164,537,4,66,7,4
291,164,528,3,66,7,4
292,164,527,4,66,8,4
293,164,529,4,66,7,4
294,164,536,2,66,9,4
295,164,530,8,66,19,4
296,164,160,2,67,10,4
297,164,121,4,65,29,4
298,164,101,4,65,4,4
299,164,120,2,65,26,4
300,164,162,6,65,4,4
301,164,531,8,67,21,4
302,164,102,4,65,2,4
303,164,137,2,67,28,4
304,164,163,6,67,4,4
305,164,110,2,67,12,4
306,164,154,2,67,6,4
307,164,160,2,67,3,4
308,164,115,6,71,16,4
309,164,538,5,65,1,4
310,164,117,4,70,13,4
311,164,159,5,72,6,4
312,164,159,5,72,7,4
313,164,115,6,72,15,4
314,164,115,8,72,17,4
315,164,120,4,71,18,4
316,164,160,8,71,4,4
317,164,106,5,73,26,4
318,164,344,4,74,3,4
319,164,164,8,74,3,4
320,164,161,4,75,12,4
321,164,161,4,75,12,4
322,164,138,4,76,22,4
323,164,162,6,76,6,4
324,164,140,2,76,26,4
325,164,136,2,77,28,4
326,164,161,10,77,5,4
327,164,131,4,78,27,4
328,164,147,2,78,2,4
329,164,162,23,78,24,4
330,164,161,4,84,7,4
331,164,107,10,79,19,4
332,164,136,2,79,27,4
333,164,135,4,80,19,4
334,164,136,4,80,26,4
335,164,148,8,80,13,4
336,164,120,4,80,25,4
337,164,538,2,82,4,4
338,164,538,4,82,3,4
339,164,107,2,81,11,4
340,164,107,4,81,12,4
341,164,320,3,82,5,4
342,164,130,4,82,25,4
343,164,536,3,84,2,4
344,164,535,3,84,2,4
345,164,533,2,84,3,4
346,164,526,3,84,2,4
347,164,540,3,84,5,4
348,164,537,4,84,3,4
349,164,527,2,84,2,4
350,164,529,2,84,2,4
351,164,530,2,84,5,4
352,164,533,2,84,4,4
353,164,138,4,86,26,4
354,164,344,2,83,3,4
355,164,138,4,83,19,4
356,164,163,10,83,3,4
357,164,145,4,83,14,4
358,164,164,7,84,7,4
359,164,142,4,86,19,4
360,164,123,6,86,27,4
361,164,346,2,86,4,4
362,164,110,2,88,14,4
363,164,155,8,88,31,4
364,164,109,8,88,30,4
365,164,109,6,88,28,4
366,164,143,4,87,16,4
367,164,565,10,87,12,4
368,164,565,10,87,11,4
369,164,506,6,87,9,4
370,164,506,9,87,8,4
371,164,509,3,87,10,4
372,164,509,4,87,7,4
373,164,556,9,87,11,4
374,164,556,4,87,12,4
375,164,509,4,87,8,4
376,164,509,4,87,8,4
377,164,143,4,88,21,4
378,164,117,2,87,2,4
379,164,508,2,88,2,4
380,164,141,5,92,13,4
381,164,120,4,89,13,4
382,164,156,4,91,20,4
383,164,109,5,91,25,4
384,164,108,4,91,23,4
385,164,154,3,91,13,4
386,164,102,6,89,2,4
387,164,108,3,90,13,4
388,164,108,2,90,16,4
389,164,108,2,90,17,4
390,164,142,4,90,21,4
391,164,123,7,91,17,4
392,164,114,2,94,1,4
393,164,109,2,93,23,4
394,164,108,2,93,19,4
395,164,154,3,93,15,4
396,164,101,4,98,12,4
397,164,120,4,92,21,4
398,164,113,2,92,6,4
399,164,136,4,95,23,4
400,164,138,2,95,21,4
401,164,140,4,92,20,4
402,164,125,6,92,28,4
403,164,350,4,92,3,4
404,164,160,2,94,1,4
405,164,350,2,95,3,4
406,164,136,8,95,29,4
407,164,142,4,95,22,4
408,164,164,4,103,11,4
409,164,141,4,98,31,4
410,164,144,8,97,15,4
411,164,117,4,97,27,4
412,164,136,4,97,18,4
413,164,120,4,98,12,4
414,164,129,2,98,14,4
415,164,144,8,98,23,4
416,164,120,8,99,22,4
417,164,130,6,106,18,4
418,164,147,2,100,2,4
419,164,149,2,100,1,4
420,164,143,10,100,26,4
421,164,162,8,108,21,4
422,164,140,4,103,33,4
423,164,100,2,102,3,4
424,164,113,4,102,5,4
425,164,352,3,102,1,4
426,164,163,13,102,2,4
427,164,132,5,102,19,4
428,164,340,6,102,2,4
429,164,316,6,102,2,4
430,164,135,6,103,14,4
431,164,135,2,104,28,4
432,164,102,2,103,1,4
433,164,342,4,104,2,4
434,164,150,2,104,35,4
435,164,145,2,105,4,4
436,164,141,4,105,14,4
437,164,164,2,107,3,4
438,164,156,3,107,13,4
439,164,156,3,107,15,4
440,164,156,3,107,16,4
441,164,139,4,107,32,4
442,164,163,4,108,5,4
443,164,163,3,108,12,4
444,164,164,2,108,10,4
445,164,162,4,108,12,4
446,164,160,4,108,12,4
447,164,161,2,108,5,4
448,164,342,6,107,3,4
449,164,124,4,107,24,4
450,164,156,2,109,12,4
451,164,156,3,109,14,4
452,164,156,2,109,17,4
453,164,159,2,110,8,4
454,164,102,4,110,7,4
455,164,159,2,110,7,4
456,164,158,4,110,8,4
457,164,103,2,110,28,4
458,164,106,2,110,10,4
459,164,159,4,110,27,4
460,164,118,4,112,6,4
461,164,141,6,109,19,4
462,164,119,2,113,2,4
463,164,144,4,110,12,4
464,164,148,4,117,8,4
465,164,122,2,110,15,4
466,164,346,4,112,1,4
467,164,137,2,110,12,4
468,164,348,4,111,4,4
469,164,119,10,111,9,4
470,164,342,4,111,3,4
471,164,318,3,114,5,4
472,164,141,8,114,24,4
473,164,143,5,114,25,4
474,164,326,10,115,3,4
475,164,350,4,118,1,4
476,164,146,8,123,28,4
477,164,146,8,123,29,4
478,164,118,2,122,5,4
479,164,145,3,119,3,4
480,164,143,10,119,24,4
481,164,146,4,127,2,4
482,164,128,5,122,24,4
483,164,320,10,120,1,4
484,164,125,8,120,19,4
485,164,318,10,120,2,4
486,164,121,2,128,7,4
487,164,121,10,124,20,4
488,164,122,4,127,24,4
489,164,128,3,128,22,4
490,164,128,3,131,14,4
491,164,346,5,127,1,4
492,164,132,2,128,17,4
493,164,117,6,129,2,4
494,164,122,8,129,21,4
495,164,316,6,129,3,4
496,164,122,4,133,23,4
497,164,516,22,142,11,4
498,164,516,22,142,12,4
499,164,522,22,142,10,4
500,164,522,22,142,11,4
501,164,137,2,134,17,4
502,164,131,3,134,17,4
503,164,132,3,134,17,4
504,164,135,3,134,17,4
505,164,118,4,134,2,4
506,164,335,2,134,5,4
507,164,348,5,135,1,4
508,164,137,4,137,19,4
509,164,348,8,138,1,4
510,164,126,2,142,8,4
511,164,123,2,138,10,4
512,164,121,4,141,6,4
513,164,140,4,142,9,4
514,164,143,2,144,7,4
515,164,132,3,144,16,4
516,164,135,3,144,16,4
517,164,326,4,144,2,4
518,164,340,5,144,3,4
519,164,131,4,144,16,4
520,164,120,3,154,28,4
521,164,134,6,146,19,4
522,164,133,3,160,24,4
523,164,125,4,152,17,4
524,164,123,6,152,18,4
525,164,124,6,153,14,4
526,164,137,4,154,9,4
527,164,123,4,156,9,4
528,164,120,8,163,29,4
529,164,120,8,163,30,4
530,164,120,8,163,31,4
531,164,129,4,159,8,4
532,164,138,4,159,9,4
533,164,141,2,162,9,4
534,164,137,2,162,14,4
535,164,139,4,162,15,4
536,164,127,3,162,7,4
537,164,127,3,162,8,4
538,164,127,8,160,25,4
539,164,127,4,162,9,4
540,164,127,4,168,19,4
541,164,135,2,169,7,4
542,164,137,4,171,13,4
543,164,138,4,171,13,4
544,164,140,4,171,13,4
545,164,128,3,177,12,4
546,164,129,4,177,11,4
547,164,125,4,178,8,4
548,164,121,2,179,5,4
549,164,141,2,187,10,4
550,164,122,4,187,10,4
551,164,121,3,188,2,4
552,164,124,6,199,10,4
553,164,124,4,199,9,4
554,164,128,4,204,8,4
555,164,139,6,204,11,4
556,164,139,4,204,10,4
557,164,159,6,204,17,4
558,164,146,2,202,1,4
559,164,121,2,224,5,4
560,164,122,4,226,7,4
561,164,139,2,261,5,4
562,164,126,8,295,27,4
563,164,340,4,317,6,4
564,164,128,6,340,6,4
565,164,2002,2,387,B3,4
566,164,123,4,408,5,4
567,164,1330,4,423,5,4
568,164,133,8,485,28,4
569,164,137,6,485,33,4
570,164,139,4,485,32,4
571,164,139,4,485,33,4
572,164,1310,6,574,6,4
573,164,106,2,758,10,4
574,164,146,8,941,30,4
575,164,146,8,941,31,4
576,164,152,2,100,3,4
577,164,138,2,140,33,4
578,164,124,2,150,10,4
579,107,203,1,77,8,1
580,107,236,1,78,20,1
581,107,236,1,78,20,1
582,107,233,1,78,15,1
583,107,237,1,79,30,1
584,107,207,1,83,7,1
585,107,207,1,83,7,1
586,107,237,1,83,11,1
587,107,236,1,83,10,1
588,107,2006,1,87,GA,1
589,107,243,1,88,14,1
590,107,210,1,88,5,1
591,107,203,1,89,1,1
592,107,2005,1,92,GA,1
593,107,2009,13,94,SR,1
594,107,93,1,101,QQ,1
595,107,2006,10,95,GA,1
596,107,242,1,97,10,1
597,107,241,1,99,19,1
598,107,241,1,101,18,1
599,107,241,1,103,17,1
600,107,204,1,102,1,1
601,107,2005,4,102,GA,1
602,107,241,1,105,16,1
603,107,242,1,106,16,1
604,107,0,2,106,48,1
605,107,2009,24,106,GA,1
606,107,203,2,111,9,1
607,107,206,2,115,9,1
608,107,207,1,110,1,1
609,107,2005,12,110,GA,1
610,107,2006,12,110,GA,1
611,107,203,4,116,10,1
612,107,207,2,116,10,1
613,107,238,2,111,28,1
614,107,205,3,118,10,1
615,107,207,2,119,9,1
616,107,233,2,121,14,1
617,107,203,4,121,6,1
618,107,205,4,121,5,1
619,107,206,6,117,10,1
620,107,209,2,118,10,1
621,107,208,4,118,10,1
622,107,239,6,117,46,1
623,107,207,2,123,9,1
624,107,2005,12,119,GA,1
625,107,2009,30,119,GA,1
626,107,241,1,119,3,1
627,107,2006,6,119,GA,1
628,107,210,2,125,7,1
629,107,202,2,125,8,1
630,107,207,4,119,10,1
631,107,203,4,125,9,1
632,107,203,2,125,7,1
633,107,206,4,120,10,1
634,107,204,5,121,10,1
635,107,203,4,127,8,1
636,107,242,2,121,29,1
637,107,205,3,122,9,1
638,107,203,7,122,10,1
639,107,204,2,128,2,1
640,107,209,4,123,9,1
641,107,203,3,124,9,1
642,107,238,2,125,30,1
643,107,2006,18,124,GA,1
644,107,242,10,124,28,1
645,107,207,2,124,1,1
646,107,205,4,124,11,1
647,107,241,6,124,48,1
648,107,209,4,125,8,1
649,107,207,4,125,7,1
650,107,206,4,126,7,1
651,107,212,2,144,8,1
652,107,202,4,127,7,1
653,107,89,8,128,PP,1
654,107,2005,7,128,GA,1
655,107,232,4,128,10,1
656,107,202,3,128,7,1
657,107,209,2,128,6,1
658,107,210,2,129,13,1
659,107,210,2,129,14,1
660,107,204,8,129,7,1
661,107,206,7,130,6,1
662,107,202,6,131,6,1
663,107,238,3,132,5,1
664,107,203,3,132,4,1
665,107,212,2,149,5,1
666,107,243,1,132,4,1
667,107,232,4,132,9,1
668,107,0,2,132,28,1
669,107,90,3,131,RR,1
670,107,92,2,131,SS,1
671,107,243,2,132,38,1
672,107,206,5,132,4,1
673,107,206,4,137,7,1
674,107,206,7,133,3,1
675,107,230,2,145,9,1
676,107,210,2,147,2,1
677,107,94,1,140,XX,1
678,107,90,3,135,NN,1
679,107,227,3,140,5,1
680,107,242,3,151,24,1
681,107,236,3,151,26,1
682,107,212,3,157,11,1
683,107,239,2,157,42,1
684,107,91,4,139,WW,1
685,107,90,3,140,SS,1
686,107,212,4,136,8,1
687,107,237,4,140,30,1
688,107,241,2,140,13,1
689,107,93,2,139,KK,1
690,107,208,4,148,8,1
691,107,241,2,160,44,1
692,107,97,1,152,BB,1
693,107,202,2,160,7,1
694,107,329,3,141,C,1
695,107,87,2,161,UU,1
696,107,201,2,162,6,1
697,107,91,6,143,TT,1
698,107,237,2,147,15,1
699,107,93,2,163,VV,1
700,107,227,3,149,7,1
701,107,242,4,141,22,1
702,107,242,2,164,33,1
703,107,242,2,164,33,1
704,107,242,2,164,34,1
705,107,242,2,164,34,1
706,107,242,2,164,38,1
707,107,243,2,164,35,1
708,107,87,2,164,RR,1
709,107,203,2,164,3,1
710,107,94,1,151,WW,1
711,107,232,4,148,11,1
712,107,206,6,154,6,1
713,107,203,1,167,6,1
714,107,230,2,150,6,1
715,107,87,2,168,TT,1
716,107,239,2,168,38,1
717,107,228,2,148,6,1
718,107,242,4,152,21,1
719,107,201,2,169,5,1
720,107,203,2,169,4,1
721,107,203,2,169,4,1
722,107,0,2,152,8,1
723,107,102,1,153,KK,1
724,107,242,4,153,21,1
725,107,202,2,170,4,1
726,107,202,2,170,5,1
727,107,211,4,162,12,1
728,107,238,2,170,39,1
729,107,239,2,170,37,1
730,107,94,2,153,KK,1
731,107,242,2,171,29,1
732,107,242,2,171,30,1
733,107,242,2,171,30,1
734,107,93,2,155,NN,1
735,107,211,2,154,7,1
736,107,243,2,171,33,1
737,107,243,2,171,34,1
738,107,243,2,171,34,1
739,107,238,2,171,26,1
740,107,203,2,171,5,1
741,107,204,2,171,10,1
742,107,94,1,154,KK,1
743,107,229,2,155,15,1
744,107,202,4,174,15,1
745,107,236,4,159,17,1
746,107,241,2,175,31,1
747,107,204,2,175,6,1
748,107,204,2,175,9,1
749,107,204,2,175,9,1
750,107,204,2,175,9,1
751,107,204,2,175,9,1
752,107,237,2,175,20,1
753,107,237,2,175,20,1
754,107,236,2,175,23,1
755,107,229,1,153,6,1
756,107,238,2,175,23,1
757,107,227,2,157,18,1
758,107,202,3,176,9,1
759,107,202,3,176,9,1
760,107,212,2,158,3,1
761,107,238,1,176,20,1
762,107,205,14,165,7,1
763,107,218,1,159,10,1
764,107,93,4,159,JJ,1
765,107,335,2,160,B,1
766,107,230,2,160,5,1
767,107,341,2,160,C,1
768,107,92,3,161,P P,1
769,107,202,4,179,14,1
770,107,0,2,161,6,1
771,107,90,4,179,XX,1
772,107,237,4,161,6,1
773,107,213,1,162,12,1
774,107,224,2,171,7,1
775,107,205,13,168,7,1
776,107,237,6,159,25,1
777,107,95,1,162,PP,1
778,107,323,2,166,B,1
779,107,243,2,165,10,1
780,107,88,7,162,VV,1
781,107,92,2,162,JJ,1
782,107,241,4,181,44,1
783,107,243,3,181,39,1
784,107,206,6,167,5,1
785,107,242,2,182,26,1
786,107,206,2,182,10,1
787,107,242,2,182,27,1
788,107,237,2,182,19,1
789,107,206,2,182,2,1
790,107,202,3,182,7,1
791,107,226,2,165,9,1
792,107,236,2,182,22,1
793,107,202,4,182,5,1
794,107,203,3,182,3,1
795,107,238,2,182,18,1
796,107,238,2,182,18,1
797,107,238,2,182,18,1
798,107,94,2,182,XX,1
799,107,237,4,166,6,1
800,107,205,12,171,6,1
801,107,212,2,184,15,1
802,107,243,4,184,40,1
803,107,90,3,184,TT,1
804,107,91,4,184,UU,1
805,107,213,1,169,8,1
806,107,214,4,179,10,1
807,107,225,2,168,8,1
808,107,237,2,168,13,1
809,107,94,1,169,VV,1
810,107,215,2,166,15,1
811,107,333,2,178,D,1
812,107,232,2,167,11,1
813,107,204,2,186,5,1
814,107,206,2,186,7,1
815,107,206,2,186,7,1
816,107,206,2,186,8,1
817,107,206,2,186,9,1
818,107,241,4,186,30,1
819,107,205,10,174,6,1
820,107,203,3,186,10,1
821,107,205,3,186,14,1
822,107,333,8,167,F,1
823,107,202,6,188,15,1
824,107,203,4,188,4,1
825,107,335,3,165,F,1
826,107,205,17,176,5,1
827,107,242,4,189,34,1
828,107,333,8,170,G,1
829,107,203,3,189,8,1
830,107,90,3,189,SS,1
831,107,243,4,190,38,1
832,107,329,1,171,D,1
833,107,238,3,190,23,1
834,107,238,3,190,23,1
835,107,89,4,190,VV,1
836,107,87,7,191,XX,1
837,107,243,3,191,36,1
838,107,93,6,182,RR,1
839,107,90,10,172,UU,1
840,107,3,10,172,K,1
841,107,237,2,193,16,1
842,107,237,2,193,16,1
843,107,237,2,193,16,1
844,107,206,2,193,1,1
845,107,238,4,193,24,1
846,107,206,4,193,9,1
847,107,236,3,193,23,1
848,107,211,2,193,10,1
849,107,242,4,193,30,1
850,107,93,2,193,LL,1
851,107,93,2,193,LL,1
852,107,93,2,175,EE,1
853,107,207,2,193,6,1
854,107,238,2,193,13,1
855,107,238,2,193,16,1
856,107,204,3,193,5,1
857,107,93,2,193,PP,1
858,107,93,2,193,PP,1
859,107,206,3,193,8,1
860,107,243,3,193,26,1
861,107,237,2,193,13,1
862,107,237,4,193,27,1
863,107,90,6,194,VV,1
864,107,243,4,194,34,1
865,107,227,8,179,18,1
866,107,0,2,185,11,1
867,107,227,1,179,6,1
868,107,95,2,172,SS,1
869,107,221,3,178,18,1
870,107,211,2,196,9,1
871,107,87,3,196,TT,1
872,107,204,4,197,3,1
873,107,204,4,197,3,1
874,107,204,4,197,4,1
875,107,93,4,197,VV,1
876,107,402,3,188,A,1
877,107,0,2,179,3,1
878,107,414,10,179,C,1
879,107,94,4,187,SS,1
880,107,241,2,179,24,1
881,107,3,8,190,J,1
882,107,214,2,180,12,1
883,107,93,2,184,EE,1
884,107,217,3,182,15,1
885,107,93,2,204,HH,1
886,107,238,4,204,17,1
887,107,212,2,204,6,1
888,107,202,17,204,15,1
889,107,238,2,204,12,1
890,107,238,2,204,12,1
891,107,212,2,204,3,1
892,107,232,2,204,12,1
893,107,237,2,204,10,1
894,107,232,2,204,4,1
895,107,232,2,204,8,1
896,107,93,4,204,TT,1
897,107,236,3,204,18,1
898,107,237,4,204,19,1
899,107,212,2,205,7,1
900,107,237,6,186,3,1
901,107,87,6,206,VV,1
902,107,212,4,207,4,1
903,107,223,3,207,11,1
904,107,229,2,207,7,1
905,107,414,8,187,C,1
906,107,241,23,208,45,1
907,107,202,23,208,13,1
908,107,207,2,208,1,1
909,107,207,2,208,1,1
910,107,87,3,208,PP,1
911,107,87,3,208,PP,1
912,107,230,2,208,2,1
913,107,230,2,208,5,1
914,107,230,2,208,6,1
915,107,212,2,208,4,1
916,107,212,2,208,4,1
917,107,236,4,208,16,1
918,107,207,3,208,6,1
919,107,233,2,208,3,1
920,107,237,2,174,22,1
921,107,227,2,210,1,1
922,107,2,2,190,K,1
923,107,242,2,176,47,1
924,107,226,2,190,15,1
925,107,93,2,190,FF,1
926,107,95,2,190,SS,1
927,107,94,2,190,SS,1
928,107,410,3,204,B,1
929,107,87,6,213,UU,1
930,107,232,2,213,12,1
931,107,158,2,193,LL,1
932,107,242,2,178,45,1
933,107,87,8,214,WW,1
934,107,212,6,214,14,1
935,107,94,6,199,PP,1
936,107,206,7,215,7,1
937,107,207,4,215,5,1
938,107,211,10,195,12,1
939,107,94,3,215,XX,1
940,107,213,4,193,10,1
941,107,203,32,215,13,1
942,107,2,2,215,N,1
943,107,226,6,195,14,1
944,107,94,2,215,LL,1
945,107,94,2,215,LL,1
946,107,87,3,215,NN,1
947,107,87,3,215,NN,1
948,107,209,2,215,14,1
949,107,236,3,215,17,1
950,107,2,2,195,H,1
951,107,237,2,180,18,1
952,107,242,2,180,43,1
953,107,94,2,196,PP,1
954,107,225,5,194,11,1
955,107,229,7,218,13,1
956,107,242,2,182,41,1
957,107,237,2,183,16,1
958,107,238,4,219,16,1
959,107,94,3,219,WW,1
960,107,2,2,219,M,1
961,107,203,31,219,12,1
962,107,4,2,219,F,1
963,107,4,2,219,H,1
964,107,87,7,219,SS,1
965,107,2,2,201,J,1
966,107,236,2,219,9,1
967,107,93,4,219,NN,1
968,107,93,4,219,NN,1
969,107,241,6,219,43,1
970,107,93,2,183,XX,1
971,107,226,2,199,12,1
972,107,211,4,195,10,1
973,107,94,2,200,NN,1
974,107,227,4,201,4,1
975,107,412,2,201,B,1
976,107,93,2,202,FF,1
977,107,331,1,207,C,1
978,107,900,6,204,SR,1
979,107,900,2,204,SR,1
980,107,94,2,204,PP,1
981,107,333,4,208,A,1
982,107,230,6,225,14,1
983,107,227,3,225,1,1
984,107,215,4,199,13,1
985,107,161,4,206,HH,1
986,107,90,4,206,MM,1
987,107,94,4,226,SS,1
988,107,225,2,226,14,1
989,107,225,2,226,14,1
990,107,210,3,226,2,1
991,107,237,2,226,7,1
992,107,237,2,226,7,1
993,107,94,4,226,UU,1
994,107,94,4,226,UU,1
995,107,237,3,226,10,1
996,107,94,2,226,GG,1
997,107,237,6,226,17,1
998,107,163,2,226,LL,1
999,107,104,2,201,PP,1
1000,107,232,4,226,4,1
1001,107,241,6,226,42,1
1002,107,2,1,206,M,1
1003,107,212,2,207,15,1
1004,107,217,3,208,11,1
1005,107,900,7,206,GA,1
1006,107,94,2,209,EE,1
1007,107,223,3,209,1,1
1008,107,95,2,230,LL,1
1009,107,4,2,211,J,1
1010,107,87,6,230,MM,1
1011,107,238,5,230,10,1
1012,107,900,1,221,GA,1
1013,107,243,2,230,8,1
1014,107,237,4,230,10,1
1015,107,329,2,230,A,1
1016,107,236,2,230,8,1
1017,107,236,2,230,8,1
1018,107,222,2,230,8,1
1019,107,240,2,230,6,1
1020,107,93,2,195,WW,1
1021,107,215,2,210,11,1
1022,107,900,4,211,SR,1
1023,107,94,2,212,GG,1
1024,107,212,2,212,13,1
1025,107,3,2,217,E,1
1026,107,225,1,217,5,1
1027,107,227,4,235,13,1
1028,107,162,4,236,MM,1
1029,107,225,2,237,5,1
1030,107,238,21,237,19,1
1031,107,226,2,237,11,1
1032,107,226,2,237,7,1
1033,107,162,2,237,HH,1
1034,107,209,4,237,17,1
1035,107,237,6,237,16,1
1036,107,93,6,237,PP,1
1037,107,5,2,237,K,1
1038,107,237,2,237,5,1
1039,107,237,2,237,5,1
1040,107,94,4,237,PP,1
1041,107,94,4,237,QQ,1
1042,107,94,4,237,QQ,1
1043,107,94,4,237,QQ,1
1044,107,237,2,237,6,1
1045,107,237,2,237,6,1
1046,107,225,2,237,10,1
1047,107,95,2,237,JJ,1
1048,107,222,4,216,9,1
1049,107,104,2,212,MM,1
1050,107,212,2,216,12,1
1051,107,231,4,216,9,1
1052,107,227,2,216,11,1
1053,107,211,2,216,8,1
1054,107,228,2,216,9,1
1055,107,214,2,216,12,1
1056,107,900,4,218,SR,1
1057,107,2,2,220,J,1
1058,107,87,6,241,LL,1
1059,107,226,2,241,13,1
1060,107,213,2,241,7,1
1061,107,95,4,241,UU,1
1062,107,325,2,241,C,1
1063,107,93,4,241,KK,1
1064,107,227,4,241,6,1
1065,107,237,4,241,8,1
1066,107,325,2,241,F,1
1067,107,237,4,241,8,1
1068,107,230,2,241,1,1
1069,107,94,6,241,UU,1
1070,107,95,2,241,HH,1
1071,107,94,4,241,RR,1
1072,107,900,1,223,SRO,1
1073,107,211,2,205,16,1
1074,107,160,2,243,KK,1
1075,107,217,3,243,13,1
1076,107,102,4,220,MM,1
1077,107,162,4,220,FF,1
1078,107,408,2,223,B,1
1079,107,94,2,221,EE,1
1080,107,212,2,221,12,1
1081,107,215,2,231,2,1
1082,107,228,2,223,8,1
1083,107,162,3,236,DD,1
1084,107,162,4,247,HH,1
1085,107,900,4,225,SR,1
1086,107,406,2,248,B,1
1087,107,410,4,248,D,1
1088,107,161,2,248,DD,1
1089,107,94,2,248,CC,1
1090,107,94,2,248,EE,1
1091,107,323,2,248,A,1
1092,107,95,4,248,TT,1
1093,107,233,6,248,3,1
1094,107,237,2,248,4,1
1095,107,208,6,248,5,1
1096,107,93,8,248,NN,1
1097,107,207,9,248,6,1
1098,107,94,2,209,RR,1
1099,107,900,4,225,GA1,1
1100,107,93,2,210,RR,1
1101,107,211,2,210,14,1
1102,107,408,2,249,B,1
1103,107,7,2,226,G,1
1104,107,215,2,226,5,1
1105,107,213,6,226,8,1
1106,107,217,4,226,14,1
1107,107,93,2,227,LL,1
1108,107,93,2,227,KK,1
1109,107,227,4,250,11,1
1110,107,408,4,250,C,1
1111,107,3,10,240,J,1
1112,107,226,4,250,12,1
1113,107,158,2,251,JJ,1
1114,107,6,4,228,G,1
1115,107,7,2,228,F,1
1116,107,6,2,230,J,1
1117,107,410,2,251,B,1
1118,107,231,4,228,8,1
1119,107,900,3,232,SRO,1
1120,107,900,4,232,SRO,1
1121,107,208,8,252,6,1
1122,107,214,2,252,9,1
1123,107,213,4,252,5,1
1124,107,160,4,252,JJ,1
1125,107,404,4,252,D,1
1126,107,214,2,252,11,1
1127,107,227,5,252,2,1
1128,107,94,6,252,QQ,1
1129,107,95,2,252,EE,1
1130,107,6,2,252,J,1
1131,107,231,2,252,1,1
1132,107,403,2,252,E,1
1133,107,2,4,252,L,1
1134,107,160,2,252,EE,1
1135,107,103,4,226,JJ,1
1136,107,161,2,230,JJ,1
1137,107,161,2,230,HH,1
1138,107,213,6,230,6,1
1139,107,211,4,231,7,1
1140,107,80,2,245,E,1
1141,107,223,6,236,5,1
1142,107,160,4,226,GG,1
1143,107,102,4,233,JJ,1
1144,107,225,6,235,3,1
1145,107,407,2,259,B,1
1146,107,210,10,259,12,1
1147,107,94,4,259,HH,1
1148,107,159,2,235,DD,1
1149,107,2,3,259,H,1
1150,107,93,8,259,LL,1
1151,107,160,2,259,CC,1
1152,107,6,2,259,G,1
1153,107,218,3,236,1,1
1154,107,71,2,260,K,1
1155,107,71,2,260,K,1
1156,107,211,2,220,12,1
1157,107,157,4,231,HH,1
1158,107,237,4,263,5,1
1159,107,94,4,263,GG,1
1160,107,93,6,263,GG,1
1161,107,402,4,263,D,1
1162,107,101,4,263,KK,1
1163,107,223,2,263,7,1
1164,107,402,2,263,C,1
1165,107,214,2,263,3,1
1166,107,403,2,263,C,1
1167,107,101,4,263,LL,1
1168,107,79,4,253,H,1
1169,107,225,2,240,11,1
1170,107,226,4,240,17,1
1171,107,218,6,245,4,1
1172,107,160,2,240,NN,1
1173,107,94,4,240,XX,1
1174,107,229,4,240,12,1
1175,107,218,2,240,14,1
1176,107,101,4,224,LL,1
1177,107,6,2,242,K,1
1178,107,80,4,257,G,1
1179,107,215,4,244,10,1
1180,107,222,2,244,3,1
1181,107,214,2,270,4,1
1182,107,102,2,270,EE,1
1183,107,214,2,270,5,1
1184,107,237,10,270,12,1
1185,107,209,8,270,7,1
1186,107,214,2,270,8,1
1187,107,97,2,270,PP,1
1188,107,208,7,270,1,1
1189,107,105,2,270,JJ,1
1190,107,159,2,245,GG,1
1191,107,218,4,270,12,1
1192,107,150,4,245,MM,1
1193,107,102,4,245,LL,1
1194,107,215,2,270,11,1
1195,107,237,11,270,10,1
1196,107,3,10,260,H,1
1197,107,214,2,270,2,1
1198,107,214,2,270,2,1
1199,107,160,2,270,DD,1
1200,107,217,6,246,1,1
1201,107,158,2,240,FF,1
1202,107,211,2,230,10,1
1203,107,215,2,230,19,1
1204,107,94,2,248,CC,1
1205,107,94,5,248,LL,1
1206,107,98,4,274,FF,1
1207,107,215,4,274,12,1
1208,107,226,2,274,1,1
1209,107,215,4,274,8,1
1210,107,226,2,274,1,1
1211,107,215,2,274,10,1
1212,107,137,2,274,JJ,1
1213,107,215,2,274,12,1
1214,107,223,2,274,11,1
1215,107,223,5,248,10,1
1216,107,73,2,275,K,1
1217,107,132,4,249,MM,1
1218,107,100,4,249,KK,1
1219,107,162,6,265,CC,1
1220,107,161,2,250,KK,1
1221,107,94,4,250,WW,1
1222,107,161,4,253,GG,1
1223,107,7,4,258,G,1
1224,107,135,4,254,FF,1
1225,107,99,2,255,EE,1
1226,107,79,4,255,K,1
1227,107,218,2,255,14,1
1228,107,410,3,281,B,1
1229,107,136,4,281,FF,1
1230,107,214,6,281,11,1
1231,107,107,2,281,GG,1
1232,107,224,4,281,11,1
1233,107,224,4,281,6,1
1234,107,110,2,281,JJ,1
1235,107,105,2,255,CC,1
1236,107,75,2,282,F,1
1237,107,215,3,257,2,1
1238,107,215,2,239,17,1
1239,107,411,3,284,A,1
1240,107,216,6,258,4,1
1241,107,216,2,285,15,1
1242,107,3,8,274,H,1
1243,107,139,2,285,DD,1
1244,107,7,2,285,K,1
1245,107,102,4,285,KK,1
1246,107,157,1,258,PP,1
1247,107,102,4,285,LL,1
1248,107,237,6,285,4,1
1249,107,227,5,285,1,1
1250,107,107,2,261,FF,1
1251,107,107,2,261,GG,1
1252,107,160,2,260,JJ,1
1253,107,403,2,260,C,1
1254,107,94,4,260,SS,1
1255,107,225,4,260,9,1
1256,107,215,6,260,13,1
1257,107,98,3,289,KK,1
1258,107,132,1,263,NN,1
1259,107,161,2,266,FF,1
1260,107,98,4,264,PP,1
1261,107,161,4,264,NN,1
1262,107,217,4,264,11,1
1263,107,211,6,264,10,1
1264,107,401,3,292,D,1
1265,107,216,2,292,14,1
1266,107,402,3,292,C,1
1267,107,7,2,292,E,1
1268,107,7,2,292,J,1
1269,107,71,2,292,E,1
1270,107,325,4,292,A,1
1271,107,163,10,294,KK,1
1272,107,215,2,249,15,1
1273,107,6,4,296,G,1
1274,107,403,3,296,D,1
1275,107,216,2,296,8,1
1276,107,106,2,296,DD,1
1277,107,126,4,296,JJ,1
1278,107,110,2,296,DD,1
1279,107,93,4,269,RR,1
1280,107,135,2,269,GG,1
1281,107,73,2,269,F,1
1282,107,124,2,269,NN,1
1283,107,161,4,271,JJ,1
1284,107,98,4,271,MM,1
1285,107,162,8,299,KK,1
1286,107,213,12,271,17,1
1287,107,239,6,275,49,1
1288,107,128,3,272,CC,1
1289,107,241,6,275,49,1
1290,107,241,1,272,30,1
1291,107,242,1,272,30,1
1292,107,0,4,272,8,1
1293,107,0,2,272,C,1
1294,107,3,9,288,G,1
1295,107,98,3,272,HH,1
1296,107,408,2,272,A,1
1297,107,409,3,301,A,1
1298,107,6,4,303,D,1
1299,107,137,4,303,DD,1
1300,107,127,2,277,NN,1
1301,107,216,2,303,5,1
1302,107,160,3,303,CC,1
1303,107,121,2,303,EE,1
1304,107,216,2,303,10,1
1305,107,216,2,303,11,1
1306,107,216,2,303,11,1
1307,107,7,2,278,J,1
1308,107,7,2,278,K,1
1309,107,162,4,278,EE,1
1310,107,11,2,278,G,1
1311,107,217,2,307,10,1
1312,107,217,2,307,2,1
1313,107,217,4,307,11,1
1314,107,123,4,307,HH,1
1315,107,158,2,279,BB,1
1316,107,93,4,279,QQ,1
1317,107,215,2,259,13,1
1318,107,161,2,259,MM,1
1319,107,134,4,283,KK,1
1320,107,119,1,310,FF,1
1321,107,129,2,286,KK,1
1322,107,212,2,283,2,1
1323,107,104,2,283,DD,1
1324,107,161,4,284,GG,1
1325,107,139,2,314,CC,1
1326,107,4,12,314,J,1
1327,107,8,2,314,H,1
1328,107,4,14,314,K,1
1329,107,7,2,288,E,1
1330,107,102,4,288,NN,1
1331,107,97,2,318,BB,1
1332,107,98,3,288,NN,1
1333,107,99,3,288,RR,1
1334,107,93,4,288,MM,1
1335,107,213,4,288,9,1
1336,107,7,2,269,J,1
1337,107,77,4,321,L,1
1338,107,161,4,291,FF,1
1339,107,74,2,293,G,1
1340,107,74,4,294,L,1
1341,107,6,6,325,F,1
1342,107,129,2,292,FF,1
1343,107,97,4,325,LL,1
1344,107,414,16,295,B,1
1345,107,100,2,298,GG,1
1346,107,93,4,298,JJ,1
1347,107,94,8,329,DD,1
1348,107,159,6,298,LL,1
1349,107,6,6,329,E,1
1350,107,218,2,279,18,1
1351,107,7,4,336,E,1
1352,107,11,2,306,F,1
1353,107,71,2,304,G,1
1354,107,161,6,307,PP,1
1355,107,98,3,307,LL,1
1356,107,216,2,308,8,1
1357,107,76,2,340,C,1
1358,107,163,6,309,FF,1
1359,107,101,2,312,FF,1
1360,107,218,2,289,16,1
1361,107,404,6,344,C,1
1362,107,97,4,347,EE,1
1363,107,163,6,348,CC,1
1364,107,102,6,317,JJ,1
1365,107,218,2,299,14,1
1366,107,162,12,322,PP,1
1367,107,9,4,324,H,1
1368,107,216,4,358,1,1
1369,107,238,2,338,14,1
1370,107,310,2,321,4,1
1371,107,218,2,309,12,1
1372,107,9,2,336,E,1
1373,107,158,4,336,EE,1
1374,107,409,5,336,B,1
1375,107,164,8,336,LL,1
1376,107,7,4,336,D,1
1377,107,12,4,379,H,1
1378,107,407,5,346,D,1
1379,107,119,4,346,HH,1
1380,107,133,4,346,KK,1
1381,107,74,4,384,H,1
1382,107,158,4,351,CC,1
1383,107,160,2,360,DD,1
1384,107,157,5,360,PP,1
1385,107,405,4,360,D,1
1386,107,409,2,360,A,1
1387,107,237,4,376,9,1
1388,107,209,2,362,5,1
1389,107,10,2,381,D,1
1390,107,12,4,403,G,1
1391,107,56,2,367,K,1
1392,107,13,4,384,L,1
1393,107,12,1,382,C,1
1394,107,9,3,365,1,1
1395,107,309,4,365,4,1
1396,107,112,2,364,NN,1
1397,107,0,2,390,4,1
1398,107,408,4,375,B,1
1399,107,102,4,407,PP,1
1400,107,13,4,417,J,1
1401,107,10,2,379,H,1
1402,107,61,1,420,D,1
1403,107,74,2,384,J,1
1404,107,13,2,386,K,1
1405,107,49,2,389,M,1
1406,107,67,4,404,J,1
1407,107,50,1,391,E,1
1408,107,72,4,391,H,1
1409,107,50,2,435,J,1
1410,107,129,4,402,NN,1
1411,107,14,4,435,J,1
1412,107,66,4,414,L,1
1413,107,47,2,403,F,1
1414,107,9,2,379,M,1
1415,107,242,2,408,1,1
1416,107,54,2,424,F,1
1417,107,9,4,408,G,1
1418,107,16,2,410,C,1
1419,107,37,2,438,G,1
1420,107,9,2,394,L,1
1421,107,67,4,468,M,1
1422,107,10,4,427,K,1
1423,107,51,1,472,F,1
1424,107,67,2,446,A,1
1425,107,802,2,445,5,1
1426,107,100,4,432,QQ,1
1427,107,163,4,432,FF,1
1428,107,63,4,479,J,1
1429,107,9,2,409,J,1
1430,107,51,2,429,C,1
1431,107,52,4,429,G,1
1432,107,64,2,429,E,1
1433,107,38,1,440,G,1
1434,107,62,4,490,H,1
1435,107,307,4,483,3,1
1436,107,97,2,453,FF,1
1437,107,0,4,471,22,1
1438,107,20,4,458,E,1
1439,107,20,4,458,F,1
1440,107,409,10,456,D,1
1441,107,66,4,505,J,1
1442,107,52,2,505,D,1
1443,107,239,4,467,29,1
1444,107,226,2,467,12,1
1445,107,19,2,458,D,1
1446,107,802,2,460,3,1
1447,107,66,4,512,F,1
1448,107,12,2,516,A,1
1449,107,9,3,521,B,1
1450,107,9,3,521,B,1
1451,107,59,4,523,L,1
1452,107,80,4,524,C,1
1453,107,47,2,480,M,1
1454,107,410,6,480,D,1
1455,107,410,4,480,C,1
1456,107,38,2,534,D,1
1457,107,60,4,534,K,1
1458,107,43,4,534,J,1
1459,107,54,4,549,M,1
1460,107,50,4,571,L,1
1461,107,55,2,571,B,1
1462,107,65,4,578,E,1
1463,107,65,4,578,F,1
1464,107,51,1,592,B,1
1465,107,109,2,564,AA,1
1466,107,236,2,586,12,1
1467,107,236,2,586,12,1
1468,107,236,4,586,19,1
1469,107,210,2,586,17,1
1470,107,231,2,586,5,1
1471,107,204,4,586,6,1
1472,107,205,1,586,13,1
1473,107,13,2,600,A,1
1474,107,78,4,600,A,1
1475,107,15,4,543,L,1
1476,107,34,2,615,H,1
1477,107,46,3,624,M,1
1478,107,80,2,576,D,1
1479,107,21,4,637,G,1
1480,107,25,2,578,F,1
1481,107,39,4,655,L,1
1482,107,500,4,681,1,1
1483,107,50,3,681,F,1
1484,107,36,4,688,J,1
1485,107,210,3,658,10,1
1486,107,570,2,634,1,1
1487,107,34,4,634,M,1
1488,107,49,2,640,A,1
1489,107,0,2,655,2,1
1490,107,909,8,664,3,1
1491,107,30,4,743,M,1
1492,107,34,2,747,B,1
1493,107,909,5,677,2,1
1494,107,35,2,754,K,1
1495,107,32,4,765,G,1
1496,107,39,3,769,D,1
1497,107,64,4,734,C,1
1498,107,21,6,843,H,1
1499,107,36,2,846,A,1
1500,107,102,3,768,RR,1
1501,107,555,2,758,2,1
1502,107,546,1,794,3,1
1503,107,33,4,908,B,1
1504,107,805,4,919,5,1
1505,107,82,3,863,G,1
1506,107,82,10,864,K,1
1507,107,15,4,864,H,1
1508,107,9,8,864,L,1
1509,107,30,2,941,H,1
1510,107,39,3,941,M,1
1511,107,232,2,941,10,1
1512,107,232,4,941,10,1
1513,107,28,4,942,L,1
1514,107,23,4,942,E,1
1515,107,9,8,912,K,1
1516,107,51,3,955,M,1
1517,107,102,4,959,MM,1
1518,107,216,4,959,12,1
1519,107,225,2,959,16,1
1520,107,573,4,1439,2,1
1521,107,701,2,1632,5,1
1522,107,702,2,1632,6,1
1523,107,701,4,1639,3,1
1524,107,909,4,1668,1,1
1525,107,569,4,1823,1,1
1526,107,539,3,2202,3,1
1527,107,203,3,4435,8,1
1528,107,237,4,5028,11/12,1
1529,107,226,3,150,17,1
1530,107,215,2,180,14,1
1531,107,6,2,199,F,1
1532,107,220,2,225,18,1
1533,107,160,4,250,MM,1